label,x,y,z,coordinate_space,local_x,local_y,local_z,world_x,world_y,world_z,mesh_object,marker_object
ABDOMEN_TIP,56.76024627685547,-21.36884880065918,13.687032699584961,local,56.76024627685547,-21.36884880065918,13.687032699584961,-5.349077224731445,50.75678634643555,-2.1267824172973633,sfaar_10_010_thr45_fillholes_smooth10_cluster50k,LM_ABDOMEN_TIP
HEAD_TIP,-59.66051483154297,-3.7094430923461914,-64.77902221679688,local,-59.66051483154297,-3.7094430923461914,-64.77902221679688,-14.377159118652344,-59.15398025512695,86.53372955322266,sfaar_10_010_thr45_fillholes_smooth10_cluster50k,LM_HEAD_TIP
LEFT_ANTENNA_BASE,-58.055912017822266,13.415716171264648,-65.64102172851562,local,-58.055912017822266,13.415716171264648,-65.64102172851562,0.15839767456054688,-66.51513671875,80.95521545410156,sfaar_10_010_thr45_fillholes_smooth10_cluster50k,LM_LEFT_ANTENNA_BASE
LEFT_FORELEG_BASE,-19.608583450317383,31.89623260498047,-26.497636795043945,local,-19.608583450317383,31.89623260498047,-26.497636795043945,16.849151611328125,-42.486610412597656,30.995437622070312,sfaar_10_010_thr45_fillholes_smooth10_cluster50k,LM_LEFT_FORELEG_BASE
LEFT_HIND_LEG_BASE,30.628402709960938,35.86060333251953,-2.093290090560913,local,30.628402709960938,35.86060333251953,-2.093290090560913,33.662757873535156,-1.0586333274841309,-2.7101755142211914,sfaar_10_010_thr45_fillholes_smooth10_cluster50k,LM_LEFT_HIND_LEG_BASE
RIGHT_ANTENNA_BASE,-70.88932800292969,-5.371463775634766,-53.59951400756836,local,-70.88932800292969,-5.371463775634766,-53.59951400756836,-25.484176635742188,-67.85574340820312,79.13485717773438,sfaar_10_010_thr45_fillholes_smooth10_cluster50k,LM_RIGHT_ANTENNA_BASE
RIGHT_FORELEG_BASE,-42.903724670410156,-28.803482055664062,6.631532669067383,local,-42.903724670410156,-28.803482055664062,6.631532669067383,-55.12687683105469,-31.24675941467285,26.77910614013672,sfaar_10_010_thr45_fillholes_smooth10_cluster50k,LM_RIGHT_FORELEG_BASE
RIGHT_HIND_LEG_BASE,7.728110313415527,-30.43332290649414,35.5254020690918,local,7.728110313415527,-30.43332290649414,35.5254020690918,-44.33501434326172,13.417436599731445,-9.133844375610352,sfaar_10_010_thr45_fillholes_smooth10_cluster50k,LM_RIGHT_HIND_LEG_BASE
THORAX_CENTER,-21.09287452697754,0.6708002090454102,-13.442822456359863,local,-21.09287452697754,0.6708002090454102,-13.442822456359863,-13.630502700805664,-27.712512969970703,30.382762908935547,sfaar_10_010_thr45_fillholes_smooth10_cluster50k,LM_THORAX_CENTER
